culture,plate,disk,species,clade,mycoparasitism,region,Axis.1,Axis.2,disease_severity
TIE_T3L5C26,10.4,10.4_1,C_allicinum,herbarum,1,East,0.478518139,0.082364672,62
TIE_T3L5C26,10.4,10.4_2,C_allicinum,herbarum,1,East,0.478518139,0.082364672,76
TIE_T3L5C26,10.4,10.4_3,C_allicinum,herbarum,0,East,0.478518139,0.082364672,40
TIE_T3L5C26,10.2,10.2_1,C_allicinum,herbarum,0,East,0.478518139,0.082364672,68
TIE_T3L5C26,10.2,10.2_2,C_allicinum,herbarum,0,East,0.478518139,0.082364672,72
TIE_T3L5C26,10.2,10.2_3,C_allicinum,herbarum,0,East,0.478518139,0.082364672,3
TIE_T3L5C26,10.1,10.1_1,C_allicinum,herbarum,0,East,0.478518139,0.082364672,25
TIE_T3L5C26,10.1,10.1_2,C_allicinum,herbarum,0,East,0.478518139,0.082364672,19
TIE_T3L5C26,10.1,10.1_3,C_allicinum,herbarum,0,East,0.478518139,0.082364672,25
TIE_T3L5C26,10.3,10.3_1,C_allicinum,herbarum,0,East,0.478518139,0.082364672,24
TIE_T3L5C26,10.3,10.3_2,C_allicinum,herbarum,0,East,0.478518139,0.082364672,47
TIE_T3L5C26,10.3,10.3_3,C_allicinum,herbarum,0,East,0.478518139,0.082364672,6
LS_T4L3C39,7.3,7.3_1,C_limoniforme,herbarum,0,East,0.474754464,0.07976888,17
LS_T4L3C39,7.3,7.3_2,C_limoniforme,herbarum,0,East,0.474754464,0.07976888,35
LS_T4L3C39,7.3,7.3_3,C_limoniforme,herbarum,0,East,0.474754464,0.07976888,10
LS_T4L3C39,7.2,7.2_1,C_limoniforme,herbarum,0,East,0.474754464,0.07976888,38
LS_T4L3C39,7.2,7.2_2,C_limoniforme,herbarum,0,East,0.474754464,0.07976888,21
LS_T4L3C39,7.2,7.2_3,C_limoniforme,herbarum,0,East,0.474754464,0.07976888,18
LS_T4L3C39,7.1,7.1_1,C_limoniforme,herbarum,0,East,0.474754464,0.07976888,27
LS_T4L3C39,7.1,7.1_2,C_limoniforme,herbarum,1,East,0.474754464,0.07976888,39
LS_T4L3C39,7.1,7.1_3,C_limoniforme,herbarum,0,East,0.474754464,0.07976888,14
LS_T4L3C39,7.4,7.4_1,C_limoniforme,herbarum,0,East,0.474754464,0.07976888,25
LS_T4L3C39,7.4,7.4_2,C_limoniforme,herbarum,0,East,0.474754464,0.07976888,40
LS_T4L3C39,7.4,7.4_3,C_limoniforme,herbarum,0,East,0.474754464,0.07976888,59
YK_T2L5C7,4.2,4.2_1,C_limoniforme,herbarum,1,East,0.475898549,0.08026475,28
YK_T2L5C7,4.2,4.2_2,C_limoniforme,herbarum,0,East,0.475898549,0.08026475,39
YK_T2L5C7,4.2,4.2_3,C_limoniforme,herbarum,0,East,0.475898549,0.08026475,25
YK_T2L5C7,4.4,4.4_1,C_limoniforme,herbarum,0,East,0.475898549,0.08026475,52
YK_T2L5C7,4.4,4.4_2,C_limoniforme,herbarum,0,East,0.475898549,0.08026475,35
YK_T2L5C7,4.4,4.4_3,C_limoniforme,herbarum,1,East,0.475898549,0.08026475,37
YK_T2L5C7,4.3,4.3_1,C_limoniforme,herbarum,0,East,0.475898549,0.08026475,92
YK_T2L5C7,4.3,4.3_2,C_limoniforme,herbarum,0,East,0.475898549,0.08026475,32
YK_T2L5C7,4.3,4.3_3,C_limoniforme,herbarum,0,East,0.475898549,0.08026475,16
YK_T2L5C7,4.1,4.1_1,C_limoniforme,herbarum,0,East,0.475898549,0.08026475,12
YK_T2L5C7,4.1,4.1_2,C_limoniforme,herbarum,0,East,0.475898549,0.08026475,50
YK_T2L5C7,4.1,4.1_3,C_limoniforme,herbarum,0,East,0.475898549,0.08026475,17
TIE_T5L2C35,32.4,32.4_1,C_macrocarpum,herbarum,0,East,0.499732476,0.092141569,50
TIE_T5L2C35,32.4,32.4_2,C_macrocarpum,herbarum,0,East,0.499732476,0.092141569,48
TIE_T5L2C35,32.4,32.4_3,C_macrocarpum,herbarum,0,East,0.499732476,0.092141569,101
TIE_T5L2C35,32.2,32.2_1,C_macrocarpum,herbarum,0,East,0.499732476,0.092141569,26
TIE_T5L2C35,32.2,32.2_2,C_macrocarpum,herbarum,0,East,0.499732476,0.092141569,59
TIE_T5L2C35,32.2,32.2_3,C_macrocarpum,herbarum,0,East,0.499732476,0.092141569,6
TIE_T5L2C35,32.1,32.1_1,C_macrocarpum,herbarum,0,East,0.499732476,0.092141569,29
TIE_T5L2C35,32.1,32.1_3,C_macrocarpum,herbarum,1,East,0.499732476,0.092141569,16
TIE_T5L2C35,32.3,32.3_1,C_macrocarpum,herbarum,1,East,0.499732476,0.092141569,32
TIE_T5L2C35,32.3,32.3_2,C_macrocarpum,herbarum,0,East,0.499732476,0.092141569,19
TIE_T5L2C35,32.3,32.3_3,C_macrocarpum,herbarum,0,East,0.499732476,0.092141569,13
DO_T3L1C15,11.3,11.3_1,C_ramotenellum,herbarum,0,West,0.392873634,0.038408893,44
DO_T3L1C15,11.3,11.3_2,C_ramotenellum,herbarum,0,West,0.392873634,0.038408893,40
DO_T3L1C15,11.3,11.3_3,C_ramotenellum,herbarum,0,West,0.392873634,0.038408893,15
DO_T3L1C15,11.1,11.1_1,C_ramotenellum,herbarum,0,West,0.392873634,0.038408893,34
DO_T3L1C15,11.1,11.1_2,C_ramotenellum,herbarum,0,West,0.392873634,0.038408893,18
DO_T3L1C15,11.1,11.1_3,C_ramotenellum,herbarum,0,West,0.392873634,0.038408893,31
DO_T3L1C15,11.2,11.2_1,C_ramotenellum,herbarum,0,West,0.392873634,0.038408893,28
DO_T3L1C15,11.2,11.2_2,C_ramotenellum,herbarum,0,West,0.392873634,0.038408893,41
DO_T3L1C15,11.2,11.2_3,C_ramotenellum,herbarum,0,West,0.392873634,0.038408893,8
DO_T3L1C15,11.4,11.4_1,C_ramotenellum,herbarum,1,West,0.392873634,0.038408893,64
DO_T3L1C15,11.4,11.4_2,C_ramotenellum,herbarum,0,West,0.392873634,0.038408893,57
DO_T3L1C15,11.4,11.4_3,C_ramotenellum,herbarum,1,West,0.392873634,0.038408893,37
DO_T1L4C6,12.3,12.3_2,C_ramotenellum,herbarum,0,West,0.389089494,0.037095611,53
DO_T1L4C6,12.3,12.3_3,C_ramotenellum,herbarum,0,West,0.389089494,0.037095611,28
DO_T1L4C6,12.2,12.2_1,C_ramotenellum,herbarum,0,West,0.389089494,0.037095611,18
DO_T1L4C6,12.2,12.2_2,C_ramotenellum,herbarum,1,West,0.389089494,0.037095611,41
DO_T1L4C6,12.2,12.2_3,C_ramotenellum,herbarum,0,West,0.389089494,0.037095611,10
DO_T1L4C6,12.4,12.4_1,C_ramotenellum,herbarum,0,West,0.389089494,0.037095611,28
DO_T1L4C6,12.4,12.4_2,C_ramotenellum,herbarum,0,West,0.389089494,0.037095611,48
DO_T1L4C6,12.4,12.4_3,C_ramotenellum,herbarum,0,West,0.389089494,0.037095611,29
DO_T1L4C6,12.1,12.1_1,C_ramotenellum,herbarum,1,West,0.389089494,0.037095611,22
DO_T1L4C6,12.1,12.1_2,C_ramotenellum,herbarum,1,West,0.389089494,0.037095611,51
DO_T1L4C6,12.1,12.1_3,C_ramotenellum,herbarum,0,West,0.389089494,0.037095611,35
DO_T3L3C19,34.2,34.2_1,C_ramotenellum,herbarum,0,West,0.38713713,0.036414846,38
DO_T3L3C19,34.2,34.2_2,C_ramotenellum,herbarum,0,West,0.38713713,0.036414846,7
DO_T3L3C19,34.2,34.2_3,C_ramotenellum,herbarum,0,West,0.38713713,0.036414846,6
DO_T3L3C19,34.4,34.4_2,C_ramotenellum,herbarum,0,West,0.38713713,0.036414846,148
DO_T3L3C19,34.4,34.4_3,C_ramotenellum,herbarum,0,West,0.38713713,0.036414846,107
DO_T3L3C19,34.1,34.1_1,C_ramotenellum,herbarum,0,West,0.38713713,0.036414846,26
DO_T3L3C19,34.1,34.1_2,C_ramotenellum,herbarum,0,West,0.38713713,0.036414846,65
DO_T3L3C19,34.1,34.1_3,C_ramotenellum,herbarum,0,West,0.38713713,0.036414846,14
DO_T3L3C19,34.3,34.3_1,C_ramotenellum,herbarum,1,West,0.38713713,0.036414846,56
DO_T3L3C19,34.3,34.3_2,C_ramotenellum,herbarum,0,West,0.38713713,0.036414846,25
DO_T3L3C19,34.3,34.3_3,C_ramotenellum,herbarum,0,West,0.38713713,0.036414846,55
LS_T4L2C35,30.3,30.3_1,C_ramotenellum,herbarum,1,East,0.39189174,0.038020199,61
LS_T4L2C35,30.3,30.3_2,C_ramotenellum,herbarum,1,East,0.39189174,0.038020199,58
LS_T4L2C35,30.3,30.3_3,C_ramotenellum,herbarum,0,East,0.39189174,0.038020199,12
LS_T4L2C35,30.2,30.2_1,C_ramotenellum,herbarum,0,East,0.39189174,0.038020199,7
LS_T4L2C35,30.2,30.2_2,C_ramotenellum,herbarum,0,East,0.39189174,0.038020199,69
LS_T4L2C35,30.2,30.2_3,C_ramotenellum,herbarum,0,East,0.39189174,0.038020199,2
LS_T4L2C35,30.4,30.4_1,C_ramotenellum,herbarum,0,East,0.39189174,0.038020199,8
LS_T4L2C35,30.4,30.4_2,C_ramotenellum,herbarum,0,East,0.39189174,0.038020199,43
LS_T4L2C35,30.4,30.4_3,C_ramotenellum,herbarum,0,East,0.39189174,0.038020199,76
LS_T4L2C35,30.1,30.1_1,C_ramotenellum,herbarum,0,East,0.39189174,0.038020199,28
LS_T4L2C35,30.1,30.1_2,C_ramotenellum,herbarum,0,East,0.39189174,0.038020199,50
LS_T4L2C35,30.1,30.1_3,C_ramotenellum,herbarum,0,East,0.39189174,0.038020199,22
YK_T1L5C1,35.4,35.4_1,C_ramotenellum,herbarum,0,East,0.392461979,0.038267146,52
YK_T1L5C1,35.4,35.4_2,C_ramotenellum,herbarum,1,East,0.392461979,0.038267146,73
YK_T1L5C1,35.4,35.4_3,C_ramotenellum,herbarum,0,East,0.392461979,0.038267146,38
YK_T1L5C1,35.2,35.2_1,C_ramotenellum,herbarum,0,East,0.392461979,0.038267146,8
YK_T1L5C1,35.2,35.2_2,C_ramotenellum,herbarum,0,East,0.392461979,0.038267146,47
YK_T1L5C1,35.2,35.2_3,C_ramotenellum,herbarum,0,East,0.392461979,0.038267146,9
YK_T1L5C1,35.3,35.3_1,C_ramotenellum,herbarum,0,East,0.392461979,0.038267146,36
YK_T1L5C1,35.3,35.3_2,C_ramotenellum,herbarum,1,East,0.392461979,0.038267146,53
YK_T1L5C1,35.3,35.3_3,C_ramotenellum,herbarum,0,East,0.392461979,0.038267146,28
YK_T1L5C1,35.1,35.1_1,C_ramotenellum,herbarum,1,East,0.392461979,0.038267146,38
YK_T1L5C1,35.1,35.1_2,C_ramotenellum,herbarum,0,East,0.392461979,0.038267146,33
YK_T1L5C1,35.1,35.1_3,C_ramotenellum,herbarum,1,East,0.392461979,0.038267146,26
DO_T2L5C14,8.1,8.1_1,C_cf_cladosporioides_4,cladosporioides,1,West,-0.117601395,0.023754707,30
DO_T2L5C14,8.1,8.1_2,C_cf_cladosporioides_4,cladosporioides,1,West,-0.117601395,0.023754707,59
DO_T2L5C14,8.1,8.1_3,C_cf_cladosporioides_4,cladosporioides,1,West,-0.117601395,0.023754707,49
DO_T2L5C14,8.3,8.3_1,C_cf_cladosporioides_4,cladosporioides,1,West,-0.117601395,0.023754707,29
DO_T2L5C14,8.3,8.3_2,C_cf_cladosporioides_4,cladosporioides,1,West,-0.117601395,0.023754707,41
DO_T2L5C14,8.3,8.3_3,C_cf_cladosporioides_4,cladosporioides,1,West,-0.117601395,0.023754707,34
DO_T2L5C14,8.2,8.2_1,C_cf_cladosporioides_4,cladosporioides,1,West,-0.117601395,0.023754707,31
DO_T2L5C14,8.2,8.2_2,C_cf_cladosporioides_4,cladosporioides,1,West,-0.117601395,0.023754707,81
DO_T2L5C14,8.2,8.2_3,C_cf_cladosporioides_4,cladosporioides,1,West,-0.117601395,0.023754707,13
DO_T2L5C14,8.4,8.4_1,C_cf_cladosporioides_4,cladosporioides,1,West,-0.117601395,0.023754707,39
DO_T2L5C14,8.4,8.4_2,C_cf_cladosporioides_4,cladosporioides,1,West,-0.117601395,0.023754707,80
DO_T2L5C14,8.4,8.4_3,C_cf_cladosporioides_4,cladosporioides,1,West,-0.117601395,0.023754707,72
CW_T5L3C26,14.1,14.1_1,C_cladosporioides,cladosporioides,1,East,-0.112147971,0.019012761,40
CW_T5L3C26,14.1,14.1_2,C_cladosporioides,cladosporioides,1,East,-0.112147971,0.019012761,13
CW_T5L3C26,14.1,14.1_3,C_cladosporioides,cladosporioides,1,East,-0.112147971,0.019012761,57
CW_T5L3C26,14.4,14.4_1,C_cladosporioides,cladosporioides,1,East,-0.112147971,0.019012761,39
CW_T5L3C26,14.4,14.4_2,C_cladosporioides,cladosporioides,1,East,-0.112147971,0.019012761,92
CW_T5L3C26,14.4,14.4_3,C_cladosporioides,cladosporioides,1,East,-0.112147971,0.019012761,38
CW_T5L3C26,14.3,14.3_1,C_cladosporioides,cladosporioides,1,East,-0.112147971,0.019012761,20
CW_T5L3C26,14.3,14.3_2,C_cladosporioides,cladosporioides,1,East,-0.112147971,0.019012761,16
CW_T5L3C26,14.3,14.3_3,C_cladosporioides,cladosporioides,1,East,-0.112147971,0.019012761,13
CW_T5L3C26,14.2,14.2_1,C_cladosporioides,cladosporioides,1,East,-0.112147971,0.019012761,24
CW_T5L3C26,14.2,14.2_2,C_cladosporioides,cladosporioides,1,East,-0.112147971,0.019012761,35
CW_T5L3C26,14.2,14.2_3,C_cladosporioides,cladosporioides,1,East,-0.112147971,0.019012761,10
CW_T3L5C18,41.3,41.3_1,C_cladosporioides,cladosporioides,1,East,-0.116034829,0.020467916,61
CW_T3L5C18,41.3,41.3_2,C_cladosporioides,cladosporioides,1,East,-0.116034829,0.020467916,34
CW_T3L5C18,41.3,41.3_3,C_cladosporioides,cladosporioides,1,East,-0.116034829,0.020467916,72
CW_T3L5C18,41.1,41.1_1,C_cladosporioides,cladosporioides,1,East,-0.116034829,0.020467916,14
CW_T3L5C18,41.1,41.1_2,C_cladosporioides,cladosporioides,1,East,-0.116034829,0.020467916,98
CW_T3L5C18,41.1,41.1_3,C_cladosporioides,cladosporioides,1,East,-0.116034829,0.020467916,12
CW_T3L5C18,41.2,41.2_1,C_cladosporioides,cladosporioides,1,East,-0.116034829,0.020467916,1
CW_T3L5C18,41.2,41.2_2,C_cladosporioides,cladosporioides,1,East,-0.116034829,0.020467916,20
CW_T3L5C18,41.2,41.2_3,C_cladosporioides,cladosporioides,1,East,-0.116034829,0.020467916,1
CW_T3L5C18,41.4,41.4_1,C_cladosporioides,cladosporioides,1,East,-0.116034829,0.020467916,21
CW_T3L5C18,41.4,41.4_2,C_cladosporioides,cladosporioides,1,East,-0.116034829,0.020467916,37
CW_T3L5C18,41.4,41.4_3,C_cladosporioides,cladosporioides,1,East,-0.116034829,0.020467916,7
CW_T3L3C12.1,9.2,9.2_1,C_cladosporioides,cladosporioides,1,East,-0.114365611,0.019842656,15
CW_T3L3C12.1,9.2,9.2_2,C_cladosporioides,cladosporioides,1,East,-0.114365611,0.019842656,25
CW_T3L3C12.1,9.2,9.2_3,C_cladosporioides,cladosporioides,1,East,-0.114365611,0.019842656,12
CW_T3L3C12.1,9.4,9.4_1,C_cladosporioides,cladosporioides,1,East,-0.114365611,0.019842656,30
CW_T3L3C12.1,9.4,9.4_2,C_cladosporioides,cladosporioides,1,East,-0.114365611,0.019842656,66
CW_T3L3C12.1,9.4,9.4_3,C_cladosporioides,cladosporioides,1,East,-0.114365611,0.019842656,98
CW_T3L3C12.1,9.1,9.1_1,C_cladosporioides,cladosporioides,1,East,-0.114365611,0.019842656,12
CW_T3L3C12.1,9.1,9.1_2,C_cladosporioides,cladosporioides,1,East,-0.114365611,0.019842656,30
CW_T3L3C12.1,9.1,9.1_3,C_cladosporioides,cladosporioides,1,East,-0.114365611,0.019842656,13
CW_T3L3C12.1,9.3,9.3_1,C_cladosporioides,cladosporioides,1,East,-0.114365611,0.019842656,40
CW_T3L3C12.1,9.3,9.3_2,C_cladosporioides,cladosporioides,1,East,-0.114365611,0.019842656,51
CW_T3L3C12.1,9.3,9.3_3,C_cladosporioides,cladosporioides,1,East,-0.114365611,0.019842656,6
DO_T5L3C31,17.4,17.4_1,C_cladosporioides,cladosporioides,0,West,-0.115488677,0.020262883,17
DO_T5L3C31,17.4,17.4_2,C_cladosporioides,cladosporioides,1,West,-0.115488677,0.020262883,55
DO_T5L3C31,17.4,17.4_3,C_cladosporioides,cladosporioides,0,West,-0.115488677,0.020262883,85
DO_T5L3C31,17.1,17.1_1,C_cladosporioides,cladosporioides,1,West,-0.115488677,0.020262883,17
DO_T5L3C31,17.1,17.1_2,C_cladosporioides,cladosporioides,1,West,-0.115488677,0.020262883,6
DO_T5L3C31,17.1,17.1_3,C_cladosporioides,cladosporioides,1,West,-0.115488677,0.020262883,21
DO_T5L3C31,17.2,17.2_1,C_cladosporioides,cladosporioides,1,West,-0.115488677,0.020262883,30
DO_T5L3C31,17.2,17.2_2,C_cladosporioides,cladosporioides,1,West,-0.115488677,0.020262883,14
DO_T5L3C31,17.2,17.2_3,C_cladosporioides,cladosporioides,1,West,-0.115488677,0.020262883,7
DO_T5L3C31,17.3,17.3_1,C_cladosporioides,cladosporioides,1,West,-0.115488677,0.020262883,11
DO_T5L3C31,17.3,17.3_2,C_cladosporioides,cladosporioides,1,West,-0.115488677,0.020262883,15
DO_T5L3C31,17.3,17.3_3,C_cladosporioides,cladosporioides,1,West,-0.115488677,0.020262883,11
LS_T2L4C18,36.2,36.2_1,C_cladosporioides,cladosporioides,1,East,-0.118270682,0.021304604,5
LS_T2L4C18,36.2,36.2_2,C_cladosporioides,cladosporioides,1,East,-0.118270682,0.021304604,10
LS_T2L4C18,36.2,36.2_3,C_cladosporioides,cladosporioides,1,East,-0.118270682,0.021304604,5
LS_T2L4C18,36.1,36.1_1,C_cladosporioides,cladosporioides,1,East,-0.118270682,0.021304604,34
LS_T2L4C18,36.1,36.1_2,C_cladosporioides,cladosporioides,1,East,-0.118270682,0.021304604,16
LS_T2L4C18,36.1,36.1_3,C_cladosporioides,cladosporioides,1,East,-0.118270682,0.021304604,3
LS_T2L4C18,36.4,36.4_1,C_cladosporioides,cladosporioides,1,East,-0.118270682,0.021304604,40
LS_T2L4C18,36.4,36.4_2,C_cladosporioides,cladosporioides,1,East,-0.118270682,0.021304604,4
LS_T2L4C18,36.4,36.4_3,C_cladosporioides,cladosporioides,1,East,-0.118270682,0.021304604,62
LS_T2L4C18,36.3,36.3_1,C_cladosporioides,cladosporioides,1,East,-0.118270682,0.021304604,24
LS_T2L4C18,36.3,36.3_2,C_cladosporioides,cladosporioides,1,East,-0.118270682,0.021304604,17
LS_T2L4C18,36.3,36.3_3,C_cladosporioides,cladosporioides,1,East,-0.118270682,0.021304604,12
LS_T1L1C2,45.4,45.4_1,C_cladosporioides,cladosporioides,1,East,-0.111563595,0.018790982,64
LS_T1L1C2,45.4,45.4_2,C_cladosporioides,cladosporioides,1,East,-0.111563595,0.018790982,53
LS_T1L1C2,45.4,45.4_3,C_cladosporioides,cladosporioides,1,East,-0.111563595,0.018790982,23
LS_T1L1C2,45.2,45.2_1,C_cladosporioides,cladosporioides,1,East,-0.111563595,0.018790982,11
LS_T1L1C2,45.2,45.2_2,C_cladosporioides,cladosporioides,0,East,-0.111563595,0.018790982,13
LS_T1L1C2,45.2,45.2_3,C_cladosporioides,cladosporioides,1,East,-0.111563595,0.018790982,24
LS_T1L1C2,45.1,45.1_1,C_cladosporioides,cladosporioides,1,East,-0.111563595,0.018790982,26
LS_T1L1C2,45.1,45.1_2,C_cladosporioides,cladosporioides,0,East,-0.111563595,0.018790982,46
LS_T1L1C2,45.1,45.1_3,C_cladosporioides,cladosporioides,1,East,-0.111563595,0.018790982,17
LS_T1L1C2,45.3,45.3_1,C_cladosporioides,cladosporioides,1,East,-0.111563595,0.018790982,13
LS_T1L1C2,45.3,45.3_2,C_cladosporioides,cladosporioides,1,East,-0.111563595,0.018790982,55
LS_T1L1C2,45.3,45.3_3,C_cladosporioides,cladosporioides,1,East,-0.111563595,0.018790982,18
LS_T3L2C23,50.1,50.1_1,C_cladosporioides,cladosporioides,1,East,-0.113807749,0.019634318,26
LS_T3L2C23,50.1,50.1_2,C_cladosporioides,cladosporioides,1,East,-0.113807749,0.019634318,0
LS_T3L2C23,50.1,50.1_3,C_cladosporioides,cladosporioides,1,East,-0.113807749,0.019634318,14
LS_T3L2C23,50.2,50.2_1,C_cladosporioides,cladosporioides,0,East,-0.113807749,0.019634318,12
LS_T3L2C23,50.2,50.2_2,C_cladosporioides,cladosporioides,1,East,-0.113807749,0.019634318,7
LS_T3L2C23,50.2,50.2_3,C_cladosporioides,cladosporioides,1,East,-0.113807749,0.019634318,48
LS_T3L2C23,50.4,50.4_1,C_cladosporioides,cladosporioides,1,East,-0.113807749,0.019634318,45
LS_T3L2C23,50.4,50.4_2,C_cladosporioides,cladosporioides,1,East,-0.113807749,0.019634318,26
LS_T3L2C23,50.4,50.4_3,C_cladosporioides,cladosporioides,1,East,-0.113807749,0.019634318,44
LS_T3L2C23,50.3,50.3_1,C_cladosporioides,cladosporioides,1,East,-0.113807749,0.019634318,51
LS_T3L2C23,50.3,50.3_2,C_cladosporioides,cladosporioides,1,East,-0.113807749,0.019634318,32
LS_T3L2C23,50.3,50.3_3,C_cladosporioides,cladosporioides,1,East,-0.113807749,0.019634318,18
SK_T5L2C12,47.3,47.3_1,C_cladosporioides,cladosporioides,1,West,-0.117145745,0.020883022,22
SK_T5L2C12,47.3,47.3_2,C_cladosporioides,cladosporioides,1,West,-0.117145745,0.020883022,21
SK_T5L2C12,47.3,47.3_3,C_cladosporioides,cladosporioides,1,West,-0.117145745,0.020883022,70
SK_T5L2C12,47.1,47.1_1,C_cladosporioides,cladosporioides,1,West,-0.117145745,0.020883022,4
SK_T5L2C12,47.1,47.1_2,C_cladosporioides,cladosporioides,1,West,-0.117145745,0.020883022,52
SK_T5L2C12,47.1,47.1_3,C_cladosporioides,cladosporioides,1,West,-0.117145745,0.020883022,24
SK_T5L2C12,47.2,47.2_1,C_cladosporioides,cladosporioides,1,West,-0.117145745,0.020883022,14
SK_T5L2C12,47.2,47.2_2,C_cladosporioides,cladosporioides,1,West,-0.117145745,0.020883022,19
SK_T5L2C12,47.2,47.2_3,C_cladosporioides,cladosporioides,1,West,-0.117145745,0.020883022,2
SK_T5L2C12,47.4,47.4_1,C_cladosporioides,cladosporioides,1,West,-0.117145745,0.020883022,27
SK_T5L2C12,47.4,47.4_2,C_cladosporioides,cladosporioides,1,West,-0.117145745,0.020883022,53
SK_T5L2C12,47.4,47.4_3,C_cladosporioides,cladosporioides,1,West,-0.117145745,0.020883022,43
TIE_T4L1C27,16.1,16.1_1,C_cladosporioides,cladosporioides,1,East,-0.112106859,0.018992993,43
TIE_T4L1C27,16.1,16.1_2,C_cladosporioides,cladosporioides,1,East,-0.112106859,0.018992993,16
TIE_T4L1C27,16.1,16.1_3,C_cladosporioides,cladosporioides,1,East,-0.112106859,0.018992993,36
TIE_T4L1C27,16.4,16.4_1,C_cladosporioides,cladosporioides,1,East,-0.112106859,0.018992993,50
TIE_T4L1C27,16.4,16.4_2,C_cladosporioides,cladosporioides,1,East,-0.112106859,0.018992993,71
TIE_T4L1C27,16.4,16.4_3,C_cladosporioides,cladosporioides,1,East,-0.112106859,0.018992993,19
TIE_T4L1C27,16.3,16.3_1,C_cladosporioides,cladosporioides,1,East,-0.112106859,0.018992993,10
TIE_T4L1C27,16.3,16.3_2,C_cladosporioides,cladosporioides,1,East,-0.112106859,0.018992993,28
TIE_T4L1C27,16.3,16.3_3,C_cladosporioides,cladosporioides,1,East,-0.112106859,0.018992993,17
TIE_T4L1C27,16.2,16.2_1,C_cladosporioides,cladosporioides,1,East,-0.112106859,0.018992993,18
TIE_T4L1C27,16.2,16.2_2,C_cladosporioides,cladosporioides,1,East,-0.112106859,0.018992993,43
TIE_T4L1C27,16.2,16.2_3,C_cladosporioides,cladosporioides,1,East,-0.112106859,0.018992993,13
TIE_T5L1C32,28.3,28.3_1,C_cladosporioides,cladosporioides,1,East,-0.116033957,0.02046759,35
TIE_T5L1C32,28.3,28.3_2,C_cladosporioides,cladosporioides,1,East,-0.116033957,0.02046759,29
TIE_T5L1C32,28.3,28.3_3,C_cladosporioides,cladosporioides,1,East,-0.116033957,0.02046759,6
TIE_T5L1C32,28.1,28.1_1,C_cladosporioides,cladosporioides,1,East,-0.116033957,0.02046759,8
TIE_T5L1C32,28.1,28.1_2,C_cladosporioides,cladosporioides,1,East,-0.116033957,0.02046759,27
TIE_T5L1C32,28.1,28.1_3,C_cladosporioides,cladosporioides,1,East,-0.116033957,0.02046759,30
TIE_T5L1C32,28.4,28.4_1,C_cladosporioides,cladosporioides,1,East,-0.116033957,0.02046759,44
TIE_T5L1C32,28.4,28.4_2,C_cladosporioides,cladosporioides,1,East,-0.116033957,0.02046759,34
TIE_T5L1C32,28.4,28.4_3,C_cladosporioides,cladosporioides,1,East,-0.116033957,0.02046759,36
TIE_T5L1C32,28.2,28.2_1,C_cladosporioides,cladosporioides,1,East,-0.116033957,0.02046759,11
TIE_T5L1C32,28.2,28.2_2,C_cladosporioides,cladosporioides,1,East,-0.116033957,0.02046759,16
TIE_T5L1C32,28.2,28.2_3,C_cladosporioides,cladosporioides,1,East,-0.116033957,0.02046759,8
YK_T3L2C14,15.4,15.4_1,C_cladosporioides,cladosporioides,1,East,-0.112105992,0.018992671,30
YK_T3L2C14,15.4,15.4_2,C_cladosporioides,cladosporioides,1,East,-0.112105992,0.018992671,76
YK_T3L2C14,15.4,15.4_3,C_cladosporioides,cladosporioides,1,East,-0.112105992,0.018992671,19
YK_T3L2C14,15.1,15.1_1,C_cladosporioides,cladosporioides,1,East,-0.112105992,0.018992671,16
YK_T3L2C14,15.1,15.1_2,C_cladosporioides,cladosporioides,1,East,-0.112105992,0.018992671,47
YK_T3L2C14,15.1,15.1_3,C_cladosporioides,cladosporioides,1,East,-0.112105992,0.018992671,19
YK_T3L2C14,15.2,15.2_1,C_cladosporioides,cladosporioides,1,East,-0.112105992,0.018992671,10
YK_T3L2C14,15.2,15.2_2,C_cladosporioides,cladosporioides,1,East,-0.112105992,0.018992671,23
YK_T3L2C14,15.2,15.2_3,C_cladosporioides,cladosporioides,1,East,-0.112105992,0.018992671,19
YK_T3L2C14,15.3,15.3_1,C_cladosporioides,cladosporioides,1,East,-0.112105992,0.018992671,20
YK_T3L2C14,15.3,15.3_2,C_cladosporioides,cladosporioides,1,East,-0.112105992,0.018992671,17
YK_T3L2C14,15.3,15.3_3,C_cladosporioides,cladosporioides,1,East,-0.112105992,0.018992671,6
YK_T2L4C6,19.2,19.2_1,C_cladosporioides,cladosporioides,1,East,-0.114364057,0.019842076,15
YK_T2L4C6,19.2,19.2_2,C_cladosporioides,cladosporioides,1,East,-0.114364057,0.019842076,18
YK_T2L4C6,19.2,19.2_3,C_cladosporioides,cladosporioides,0,East,-0.114364057,0.019842076,1
YK_T2L4C6,19.3,19.3_1,C_cladosporioides,cladosporioides,1,East,-0.114364057,0.019842076,32
YK_T2L4C6,19.3,19.3_2,C_cladosporioides,cladosporioides,1,East,-0.114364057,0.019842076,15
YK_T2L4C6,19.3,19.3_3,C_cladosporioides,cladosporioides,1,East,-0.114364057,0.019842076,34
YK_T2L4C6,19.1,19.1_1,C_cladosporioides,cladosporioides,1,East,-0.114364057,0.019842076,8
YK_T2L4C6,19.1,19.1_2,C_cladosporioides,cladosporioides,1,East,-0.114364057,0.019842076,33
YK_T2L4C6,19.1,19.1_3,C_cladosporioides,cladosporioides,1,East,-0.114364057,0.019842076,33
YK_T2L4C6,19.4,19.4_1,C_cladosporioides,cladosporioides,1,East,-0.114364057,0.019842076,38
YK_T2L4C6,19.4,19.4_2,C_cladosporioides,cladosporioides,1,East,-0.114364057,0.019842076,18
YK_T2L4C6,19.4,19.4_3,C_cladosporioides,cladosporioides,1,East,-0.114364057,0.019842076,33
YK_T4L2C24,31.3,31.3_1,C_cladosporioides,cladosporioides,1,East,-0.116034829,0.020467916,60
YK_T4L2C24,31.3,31.3_2,C_cladosporioides,cladosporioides,1,East,-0.116034829,0.020467916,30
YK_T4L2C24,31.3,31.3_3,C_cladosporioides,cladosporioides,1,East,-0.116034829,0.020467916,5
YK_T4L2C24,31.2,31.2_1,C_cladosporioides,cladosporioides,1,East,-0.116034829,0.020467916,60
YK_T4L2C24,31.2,31.2_2,C_cladosporioides,cladosporioides,1,East,-0.116034829,0.020467916,6
YK_T4L2C24,31.2,31.2_3,C_cladosporioides,cladosporioides,1,East,-0.116034829,0.020467916,7
YK_T4L2C24,31.4,31.4_1,C_cladosporioides,cladosporioides,1,East,-0.116034829,0.020467916,29
YK_T4L2C24,31.4,31.4_2,C_cladosporioides,cladosporioides,1,East,-0.116034829,0.020467916,43
YK_T4L2C24,31.4,31.4_3,C_cladosporioides,cladosporioides,1,East,-0.116034829,0.020467916,29
YK_T4L2C24,31.1,31.1_1,C_cladosporioides,cladosporioides,1,East,-0.116034829,0.020467916,43
YK_T4L2C24,31.1,31.1_2,C_cladosporioides,cladosporioides,1,East,-0.116034829,0.020467916,44
YK_T4L2C24,31.1,31.1_3,C_cladosporioides,cladosporioides,1,East,-0.116034829,0.020467916,15
CAR_T3L4C18,37.4,37.4_1,C_delicatulum,cladosporioides,1,West,-0.134266493,0.032131887,44
CAR_T3L4C18,37.4,37.4_2,C_delicatulum,cladosporioides,1,West,-0.134266493,0.032131887,38
CAR_T3L4C18,37.4,37.4_3,C_delicatulum,cladosporioides,1,West,-0.134266493,0.032131887,32
CAR_T3L4C18,37.3,37.3_1,C_delicatulum,cladosporioides,1,West,-0.134266493,0.032131887,41
CAR_T3L4C18,37.3,37.3_3,C_delicatulum,cladosporioides,1,West,-0.134266493,0.032131887,43
CAR_T3L4C18,37.1,37.1_1,C_delicatulum,cladosporioides,1,West,-0.134266493,0.032131887,34
CAR_T3L4C18,37.1,37.1_2,C_delicatulum,cladosporioides,1,West,-0.134266493,0.032131887,10
CAR_T3L4C18,37.1,37.1_3,C_delicatulum,cladosporioides,1,West,-0.134266493,0.032131887,4
CAR_T3L4C18,37.2,37.2_1,C_delicatulum,cladosporioides,1,West,-0.134266493,0.032131887,1
CAR_T3L4C18,37.2,37.2_2,C_delicatulum,cladosporioides,1,West,-0.134266493,0.032131887,5
CAR_T3L4C18,37.2,37.2_3,C_delicatulum,cladosporioides,1,West,-0.134266493,0.032131887,8
CAR_T1L4C4,38.4,38.4_1,C_delicatulum,cladosporioides,1,West,-0.134268294,0.032132648,20
CAR_T1L4C4,38.4,38.4_2,C_delicatulum,cladosporioides,1,West,-0.134268294,0.032132648,52
CAR_T1L4C4,38.4,38.4_3,C_delicatulum,cladosporioides,1,West,-0.134268294,0.032132648,67
CAR_T1L4C4,38.2,38.2_1,C_delicatulum,cladosporioides,1,West,-0.134268294,0.032132648,21
CAR_T1L4C4,38.2,38.2_2,C_delicatulum,cladosporioides,1,West,-0.134268294,0.032132648,2
CAR_T1L4C4,38.2,38.2_3,C_delicatulum,cladosporioides,1,West,-0.134268294,0.032132648,3
CAR_T1L4C4,38.1,38.1_1,C_delicatulum,cladosporioides,1,West,-0.134268294,0.032132648,16
CAR_T1L4C4,38.1,38.1_2,C_delicatulum,cladosporioides,1,West,-0.134268294,0.032132648,27
CAR_T1L4C4,38.1,38.1_3,C_delicatulum,cladosporioides,1,West,-0.134268294,0.032132648,6
CAR_T1L4C4,38.3,38.3_1,C_delicatulum,cladosporioides,1,West,-0.134268294,0.032132648,30
CAR_T1L4C4,38.3,38.3_2,C_delicatulum,cladosporioides,1,West,-0.134268294,0.032132648,23
CAR_T1L4C4,38.3,38.3_3,C_delicatulum,cladosporioides,1,West,-0.134268294,0.032132648,15
DO_T1L1C1,40.3,40.3_1,C_delicatulum,cladosporioides,1,West,-0.134267394,0.032132267,32
DO_T1L1C1,40.3,40.3_2,C_delicatulum,cladosporioides,1,West,-0.134267394,0.032132267,36
DO_T1L1C1,40.3,40.3_3,C_delicatulum,cladosporioides,1,West,-0.134267394,0.032132267,20
DO_T1L1C1,40.2,40.2_1,C_delicatulum,cladosporioides,0,West,-0.134267394,0.032132267,4
DO_T1L1C1,40.2,40.2_2,C_delicatulum,cladosporioides,1,West,-0.134267394,0.032132267,18
DO_T1L1C1,40.2,40.2_3,C_delicatulum,cladosporioides,1,West,-0.134267394,0.032132267,0
DO_T1L1C1,40.4,40.4_1,C_delicatulum,cladosporioides,1,West,-0.134267394,0.032132267,38
DO_T1L1C1,40.4,40.4_2,C_delicatulum,cladosporioides,1,West,-0.134267394,0.032132267,42
DO_T1L1C1,40.4,40.4_3,C_delicatulum,cladosporioides,1,West,-0.134267394,0.032132267,55
DO_T1L1C1,40.1,40.1_1,C_delicatulum,cladosporioides,1,West,-0.134267394,0.032132267,34
DO_T1L1C1,40.1,40.1_2,C_delicatulum,cladosporioides,1,West,-0.134267394,0.032132267,23
DO_T1L1C1,40.1,40.1_3,C_delicatulum,cladosporioides,1,West,-0.134267394,0.032132267,23
DO_T3L2C18,48.4,48.4_1,C_delicatulum,cladosporioides,0,West,-0.130431281,0.030509256,18
DO_T3L2C18,48.4,48.4_2,C_delicatulum,cladosporioides,1,West,-0.130431281,0.030509256,54
DO_T3L2C18,48.4,48.4_3,C_delicatulum,cladosporioides,1,West,-0.130431281,0.030509256,4
DO_T3L2C18,48.3,48.3_1,C_delicatulum,cladosporioides,1,West,-0.130431281,0.030509256,28
DO_T3L2C18,48.3,48.3_2,C_delicatulum,cladosporioides,1,West,-0.130431281,0.030509256,89
DO_T3L2C18,48.3,48.3_3,C_delicatulum,cladosporioides,1,West,-0.130431281,0.030509256,31
DO_T3L2C18,48.1,48.1_1,C_delicatulum,cladosporioides,1,West,-0.130431281,0.030509256,15
DO_T3L2C18,48.1,48.1_2,C_delicatulum,cladosporioides,1,West,-0.130431281,0.030509256,19
DO_T3L2C18,48.1,48.1_3,C_delicatulum,cladosporioides,1,West,-0.130431281,0.030509256,15
DO_T3L2C18,48.2,48.2_1,C_delicatulum,cladosporioides,1,West,-0.130431281,0.030509256,48
DO_T3L2C18,48.2,48.2_3,C_delicatulum,cladosporioides,1,West,-0.130431281,0.030509256,19
SK_T3L5C7,27.3,27.3_1,C_delicatulum,cladosporioides,1,West,-0.131015701,0.030755234,40
SK_T3L5C7,27.3,27.3_2,C_delicatulum,cladosporioides,1,West,-0.131015701,0.030755234,45
SK_T3L5C7,27.3,27.3_3,C_delicatulum,cladosporioides,1,West,-0.131015701,0.030755234,16
SK_T3L5C7,27.1,27.1_1,C_delicatulum,cladosporioides,1,West,-0.131015701,0.030755234,43
SK_T3L5C7,27.1,27.1_2,C_delicatulum,cladosporioides,1,West,-0.131015701,0.030755234,33
SK_T3L5C7,27.1,27.1_3,C_delicatulum,cladosporioides,1,West,-0.131015701,0.030755234,12
SK_T3L5C7,27.2,27.2_1,C_delicatulum,cladosporioides,1,West,-0.131015701,0.030755234,1
SK_T3L5C7,27.2,27.2_2,C_delicatulum,cladosporioides,1,West,-0.131015701,0.030755234,8
SK_T3L5C7,27.2,27.2_3,C_delicatulum,cladosporioides,1,West,-0.131015701,0.030755234,1
SK_T3L5C7,27.4,27.4_1,C_delicatulum,cladosporioides,1,West,-0.131015701,0.030755234,9
SK_T3L5C7,27.4,27.4_2,C_delicatulum,cladosporioides,1,West,-0.131015701,0.030755234,62
SK_T3L5C7,27.4,27.4_3,C_delicatulum,cladosporioides,1,West,-0.131015701,0.030755234,20
SK_T5L5C15,39.1,39.1_1,C_delicatulum,cladosporioides,1,West,-0.133682037,0.03188489,38
SK_T5L5C15,39.1,39.1_2,C_delicatulum,cladosporioides,1,West,-0.133682037,0.03188489,36
SK_T5L5C15,39.1,39.1_3,C_delicatulum,cladosporioides,1,West,-0.133682037,0.03188489,19
SK_T5L5C15,39.2,39.2_1,C_delicatulum,cladosporioides,1,West,-0.133682037,0.03188489,11
SK_T5L5C15,39.2,39.2_2,C_delicatulum,cladosporioides,1,West,-0.133682037,0.03188489,14
SK_T5L5C15,39.2,39.2_3,C_delicatulum,cladosporioides,1,West,-0.133682037,0.03188489,3
SK_T5L5C15,39.4,39.4_1,C_delicatulum,cladosporioides,1,West,-0.133682037,0.03188489,85
SK_T5L5C15,39.4,39.4_2,C_delicatulum,cladosporioides,1,West,-0.133682037,0.03188489,37
SK_T5L5C15,39.4,39.4_3,C_delicatulum,cladosporioides,1,West,-0.133682037,0.03188489,40
SK_T5L5C15,39.3,39.3_2,C_delicatulum,cladosporioides,1,West,-0.133682037,0.03188489,37
SK_T5L5C15,39.3,39.3_3,C_delicatulum,cladosporioides,1,West,-0.133682037,0.03188489,54
SK_T4L2C8,5.1,5.1_1,C_delicatulum,cladosporioides,0,West,-0.133682938,0.03188527,3
SK_T4L2C8,5.1,5.1_2,C_delicatulum,cladosporioides,1,West,-0.133682938,0.03188527,69
SK_T4L2C8,5.1,5.1_3,C_delicatulum,cladosporioides,1,West,-0.133682938,0.03188527,11
SK_T4L2C8,5.4,5.4_1,C_delicatulum,cladosporioides,1,West,-0.133682938,0.03188527,46
SK_T4L2C8,5.4,5.4_2,C_delicatulum,cladosporioides,1,West,-0.133682938,0.03188527,51
SK_T4L2C8,5.4,5.4_3,C_delicatulum,cladosporioides,1,West,-0.133682938,0.03188527,48
SK_T4L2C8,5.2,5.2_1,C_delicatulum,cladosporioides,1,West,-0.133682938,0.03188527,15
SK_T4L2C8,5.2,5.2_2,C_delicatulum,cladosporioides,1,West,-0.133682938,0.03188527,79
SK_T4L2C8,5.2,5.2_3,C_delicatulum,cladosporioides,1,West,-0.133682938,0.03188527,8
SK_T4L2C8,5.3,5.3_1,C_delicatulum,cladosporioides,1,West,-0.133682938,0.03188527,32
SK_T4L2C8,5.3,5.3_2,C_delicatulum,cladosporioides,1,West,-0.133682938,0.03188527,40
SK_T4L2C8,5.3,5.3_3,C_delicatulum,cladosporioides,1,West,-0.133682938,0.03188527,14
SNO_T4L2C31,22.2,22.2_1,C_delicatulum,cladosporioides,1,West,-0.131014803,0.030754856,13
SNO_T4L2C31,22.2,22.2_2,C_delicatulum,cladosporioides,1,West,-0.131014803,0.030754856,23
SNO_T4L2C31,22.2,22.2_3,C_delicatulum,cladosporioides,1,West,-0.131014803,0.030754856,36
SNO_T4L2C31,22.4,22.4_1,C_delicatulum,cladosporioides,1,West,-0.131014803,0.030754856,65
SNO_T4L2C31,22.4,22.4_2,C_delicatulum,cladosporioides,1,West,-0.131014803,0.030754856,49
SNO_T4L2C31,22.4,22.4_3,C_delicatulum,cladosporioides,0,West,-0.131014803,0.030754856,53
SNO_T4L2C31,22.3,22.3_1,C_delicatulum,cladosporioides,1,West,-0.131014803,0.030754856,57
SNO_T4L2C31,22.3,22.3_2,C_delicatulum,cladosporioides,1,West,-0.131014803,0.030754856,84
SNO_T4L2C31,22.3,22.3_3,C_delicatulum,cladosporioides,1,West,-0.131014803,0.030754856,33
SNO_T4L2C31,22.1,22.1_1,C_delicatulum,cladosporioides,1,West,-0.131014803,0.030754856,11
SNO_T4L2C31,22.1,22.1_2,C_delicatulum,cladosporioides,1,West,-0.131014803,0.030754856,28
SNO_T4L2C31,22.1,22.1_3,C_delicatulum,cladosporioides,1,West,-0.131014803,0.030754856,7
SNO_T2L1C13,46.1,46.1_1,C_delicatulum,cladosporioides,1,West,-0.13159594,0.030999452,16
SNO_T2L1C13,46.1,46.1_2,C_delicatulum,cladosporioides,1,West,-0.13159594,0.030999452,60
SNO_T2L1C13,46.1,46.1_3,C_delicatulum,cladosporioides,1,West,-0.13159594,0.030999452,10
SNO_T2L1C13,46.3,46.3_1,C_delicatulum,cladosporioides,1,West,-0.13159594,0.030999452,12
SNO_T2L1C13,46.3,46.3_2,C_delicatulum,cladosporioides,1,West,-0.13159594,0.030999452,48
SNO_T2L1C13,46.3,46.3_3,C_delicatulum,cladosporioides,1,West,-0.13159594,0.030999452,60
SNO_T2L1C13,46.4,46.4_1,C_delicatulum,cladosporioides,1,West,-0.13159594,0.030999452,28
SNO_T2L1C13,46.4,46.4_2,C_delicatulum,cladosporioides,1,West,-0.13159594,0.030999452,62
SNO_T2L1C13,46.4,46.4_3,C_delicatulum,cladosporioides,1,West,-0.13159594,0.030999452,41
SNO_T2L1C13,46.2,46.2_1,C_delicatulum,cladosporioides,1,West,-0.13159594,0.030999452,11
SNO_T2L1C13,46.2,46.2_2,C_delicatulum,cladosporioides,1,West,-0.13159594,0.030999452,41
SNO_T2L1C13,46.2,46.2_3,C_delicatulum,cladosporioides,0,West,-0.13159594,0.030999452,4
DO_T4L1C22,52.3,52.3_1,C_inversicolor,cladosporioides,1,West,-0.114179767,0.022286366,5
DO_T4L1C22,52.3,52.3_2,C_inversicolor,cladosporioides,1,West,-0.114179767,0.022286366,43
DO_T4L1C22,52.3,52.3_3,C_inversicolor,cladosporioides,0,West,-0.114179767,0.022286366,34
DO_T4L1C22,52.4,52.4_1,C_inversicolor,cladosporioides,1,West,-0.114179767,0.022286366,23
DO_T4L1C22,52.4,52.4_2,C_inversicolor,cladosporioides,1,West,-0.114179767,0.022286366,60
DO_T4L1C22,52.4,52.4_3,C_inversicolor,cladosporioides,1,West,-0.114179767,0.022286366,103
DO_T4L1C22,52.2,52.2_1,C_inversicolor,cladosporioides,1,West,-0.114179767,0.022286366,3
DO_T4L1C22,52.2,52.2_2,C_inversicolor,cladosporioides,1,West,-0.114179767,0.022286366,43
DO_T4L1C22,52.2,52.2_3,C_inversicolor,cladosporioides,1,West,-0.114179767,0.022286366,3
DO_T4L1C22,52.1,52.1_1,C_inversicolor,cladosporioides,0,West,-0.114179767,0.022286366,13
DO_T4L1C22,52.1,52.1_2,C_inversicolor,cladosporioides,1,West,-0.114179767,0.022286366,37
DO_T4L1C22,52.1,52.1_3,C_inversicolor,cladosporioides,1,West,-0.114179767,0.022286366,36
SK_T1L1C2,51.4,51.4_1,C_inversicolor,cladosporioides,1,West,-0.113930261,0.022191159,33
SK_T1L1C2,51.4,51.4_2,C_inversicolor,cladosporioides,1,West,-0.113930261,0.022191159,55
SK_T1L1C2,51.4,51.4_3,C_inversicolor,cladosporioides,1,West,-0.113930261,0.022191159,26
SK_T1L1C2,51.3,51.3_1,C_inversicolor,cladosporioides,1,West,-0.113930261,0.022191159,29
SK_T1L1C2,51.3,51.3_2,C_inversicolor,cladosporioides,1,West,-0.113930261,0.022191159,16
SK_T1L1C2,51.3,51.3_3,C_inversicolor,cladosporioides,1,West,-0.113930261,0.022191159,47
SK_T1L1C2,51.2,51.2_1,C_inversicolor,cladosporioides,1,West,-0.113930261,0.022191159,14
SK_T1L1C2,51.2,51.2_2,C_inversicolor,cladosporioides,1,West,-0.113930261,0.022191159,32
SK_T1L1C2,51.2,51.2_3,C_inversicolor,cladosporioides,1,West,-0.113930261,0.022191159,13
SK_T1L1C2,51.1,51.1_1,C_inversicolor,cladosporioides,1,West,-0.113930261,0.022191159,20
SK_T1L1C2,51.1,51.1_2,C_inversicolor,cladosporioides,1,West,-0.113930261,0.022191159,15
SK_T1L1C2,51.1,51.1_3,C_inversicolor,cladosporioides,1,West,-0.113930261,0.022191159,19
SNO_T1L2C5,43.2,43.2_1,C_inversicolor,cladosporioides,0,West,-0.113623903,0.022074171,8
SNO_T1L2C5,43.2,43.2_2,C_inversicolor,cladosporioides,1,West,-0.113623903,0.022074171,27
SNO_T1L2C5,43.2,43.2_3,C_inversicolor,cladosporioides,1,West,-0.113623903,0.022074171,9
SNO_T1L2C5,43.4,43.4_1,C_inversicolor,cladosporioides,1,West,-0.113623903,0.022074171,8
SNO_T1L2C5,43.4,43.4_2,C_inversicolor,cladosporioides,1,West,-0.113623903,0.022074171,18
SNO_T1L2C5,43.4,43.4_3,C_inversicolor,cladosporioides,1,West,-0.113623903,0.022074171,78
SNO_T1L2C5,43.3,43.3_1,C_inversicolor,cladosporioides,1,West,-0.113623903,0.022074171,52
SNO_T1L2C5,43.3,43.3_2,C_inversicolor,cladosporioides,1,West,-0.113623903,0.022074171,59
SNO_T1L2C5,43.3,43.3_3,C_inversicolor,cladosporioides,1,West,-0.113623903,0.022074171,15
SNO_T1L2C5,43.1,43.1_2,C_inversicolor,cladosporioides,1,West,-0.113623903,0.022074171,33
SNO_T1L2C5,43.1,43.1_3,C_inversicolor,cladosporioides,1,West,-0.113623903,0.022074171,48
SNO_T5L3C34,23.1,23.1_1,C_lycoperdinum,cladosporioides,0,West,-0.122049581,0.026027982,13
SNO_T5L3C34,23.1,23.1_2,C_lycoperdinum,cladosporioides,1,West,-0.122049581,0.026027982,18
SNO_T5L3C34,23.1,23.1_3,C_lycoperdinum,cladosporioides,1,West,-0.122049581,0.026027982,39
SNO_T5L3C34,23.2,23.2_1,C_lycoperdinum,cladosporioides,1,West,-0.122049581,0.026027982,24
SNO_T5L3C34,23.2,23.2_2,C_lycoperdinum,cladosporioides,1,West,-0.122049581,0.026027982,20
SNO_T5L3C34,23.2,23.2_3,C_lycoperdinum,cladosporioides,1,West,-0.122049581,0.026027982,2
SNO_T5L3C34,23.4,23.4_1,C_lycoperdinum,cladosporioides,1,West,-0.122049581,0.026027982,34
SNO_T5L3C34,23.4,23.4_2,C_lycoperdinum,cladosporioides,1,West,-0.122049581,0.026027982,48
SNO_T5L3C34,23.4,23.4_3,C_lycoperdinum,cladosporioides,1,West,-0.122049581,0.026027982,18
SNO_T5L3C34,23.3,23.3_1,C_lycoperdinum,cladosporioides,1,West,-0.122049581,0.026027982,24
SNO_T5L3C34,23.3,23.3_2,C_lycoperdinum,cladosporioides,1,West,-0.122049581,0.026027982,29
SNO_T5L3C34,23.3,23.3_3,C_lycoperdinum,cladosporioides,1,West,-0.122049581,0.026027982,14
TIE_T4L2C30,33.1,33.1_1,C_perangustum,cladosporioides,0,East,0.104207786,-0.327856185,28
TIE_T4L2C30,33.1,33.1_2,C_perangustum,cladosporioides,0,East,0.104207786,-0.327856185,27
TIE_T4L2C30,33.1,33.1_3,C_perangustum,cladosporioides,0,East,0.104207786,-0.327856185,8
TIE_T4L2C30,33.4,33.4_1,C_perangustum,cladosporioides,0,East,0.104207786,-0.327856185,60
TIE_T4L2C30,33.4,33.4_2,C_perangustum,cladosporioides,0,East,0.104207786,-0.327856185,76
TIE_T4L2C30,33.4,33.4_3,C_perangustum,cladosporioides,0,East,0.104207786,-0.327856185,59
TIE_T4L2C30,33.2,33.2_1,C_perangustum,cladosporioides,0,East,0.104207786,-0.327856185,8
TIE_T4L2C30,33.2,33.2_2,C_perangustum,cladosporioides,0,East,0.104207786,-0.327856185,57
TIE_T4L2C30,33.2,33.2_3,C_perangustum,cladosporioides,0,East,0.104207786,-0.327856185,8
TIE_T4L2C30,33.3,33.3_1,C_perangustum,cladosporioides,1,East,0.104207786,-0.327856185,88
TIE_T4L2C30,33.3,33.3_2,C_perangustum,cladosporioides,1,East,0.104207786,-0.327856185,33
TIE_T4L2C30,33.3,33.3_3,C_perangustum,cladosporioides,0,East,0.104207786,-0.327856185,12
TIE_T1L2C2.1,49.4,49.4_1,C_perangustum,cladosporioides,1,East,0.104207988,-0.327853613,39
TIE_T1L2C2.1,49.4,49.4_2,C_perangustum,cladosporioides,1,East,0.104207988,-0.327853613,50
TIE_T1L2C2.1,49.4,49.4_3,C_perangustum,cladosporioides,0,East,0.104207988,-0.327853613,19
TIE_T1L2C2.1,49.3,49.3_1,C_perangustum,cladosporioides,1,East,0.104207988,-0.327853613,55
TIE_T1L2C2.1,49.3,49.3_2,C_perangustum,cladosporioides,1,East,0.104207988,-0.327853613,58
TIE_T1L2C2.1,49.3,49.3_3,C_perangustum,cladosporioides,1,East,0.104207988,-0.327853613,48
TIE_T1L2C2.1,49.2,49.2_1,C_perangustum,cladosporioides,1,East,0.104207988,-0.327853613,31
TIE_T1L2C2.1,49.2,49.2_2,C_perangustum,cladosporioides,1,East,0.104207988,-0.327853613,52
TIE_T1L2C2.1,49.2,49.2_3,C_perangustum,cladosporioides,1,East,0.104207988,-0.327853613,20
TIE_T1L2C2.1,49.1,49.1_1,C_perangustum,cladosporioides,1,East,0.104207988,-0.327853613,39
TIE_T1L2C2.1,49.1,49.1_2,C_perangustum,cladosporioides,1,East,0.104207988,-0.327853613,58
TIE_T1L2C2.1,49.1,49.1_3,C_perangustum,cladosporioides,1,East,0.104207988,-0.327853613,35
YK_T4L3C26,24.4,24.4_1,C_perangustum,cladosporioides,1,East,0.104207786,-0.327856185,58
YK_T4L3C26,24.4,24.4_3,C_perangustum,cladosporioides,1,East,0.104207786,-0.327856185,124
YK_T4L3C26,24.1,24.1_1,C_perangustum,cladosporioides,1,East,0.104207786,-0.327856185,24
YK_T4L3C26,24.1,24.1_2,C_perangustum,cladosporioides,1,East,0.104207786,-0.327856185,70
YK_T4L3C26,24.1,24.1_3,C_perangustum,cladosporioides,1,East,0.104207786,-0.327856185,25
YK_T4L3C26,24.2,24.2_1,C_perangustum,cladosporioides,1,East,0.104207786,-0.327856185,23
YK_T4L3C26,24.2,24.2_2,C_perangustum,cladosporioides,1,East,0.104207786,-0.327856185,85
YK_T4L3C26,24.2,24.2_3,C_perangustum,cladosporioides,1,East,0.104207786,-0.327856185,13
YK_T4L3C26,24.3,24.3_1,C_perangustum,cladosporioides,1,East,0.104207786,-0.327856185,29
YK_T4L3C26,24.3,24.3_2,C_perangustum,cladosporioides,1,East,0.104207786,-0.327856185,62
YK_T4L3C26,24.3,24.3_3,C_perangustum,cladosporioides,1,East,0.104207786,-0.327856185,10
YK_T3L5C19,25.4,25.4_1,C_perangustum,cladosporioides,1,East,0.104208089,-0.327852327,42
YK_T3L5C19,25.4,25.4_2,C_perangustum,cladosporioides,1,East,0.104208089,-0.327852327,73
YK_T3L5C19,25.4,25.4_3,C_perangustum,cladosporioides,1,East,0.104208089,-0.327852327,19
YK_T3L5C19,25.3,25.3_1,C_perangustum,cladosporioides,1,East,0.104208089,-0.327852327,15
YK_T3L5C19,25.3,25.3_2,C_perangustum,cladosporioides,1,East,0.104208089,-0.327852327,50
YK_T3L5C19,25.3,25.3_3,C_perangustum,cladosporioides,1,East,0.104208089,-0.327852327,28
YK_T3L5C19,25.2,25.2_1,C_perangustum,cladosporioides,1,East,0.104208089,-0.327852327,37
YK_T3L5C19,25.2,25.2_2,C_perangustum,cladosporioides,1,East,0.104208089,-0.327852327,32
YK_T3L5C19,25.2,25.2_3,C_perangustum,cladosporioides,1,East,0.104208089,-0.327852327,28
YK_T3L5C19,25.1,25.1_1,C_perangustum,cladosporioides,1,East,0.104208089,-0.327852327,25
YK_T3L5C19,25.1,25.1_2,C_perangustum,cladosporioides,1,East,0.104208089,-0.327852327,26
YK_T3L5C19,25.1,25.1_3,C_perangustum,cladosporioides,1,East,0.104208089,-0.327852327,38
CAR_T4L2C20,1.4,1.4_1,C_pseudocladosporioides,cladosporioides,0,West,-0.110635938,0.01836747,2
CAR_T4L2C20,1.4,1.4_2,C_pseudocladosporioides,cladosporioides,1,West,-0.110635938,0.01836747,36
CAR_T4L2C20,1.4,1.4_3,C_pseudocladosporioides,cladosporioides,1,West,-0.110635938,0.01836747,72
CAR_T4L2C20,1.3,1.3_1,C_pseudocladosporioides,cladosporioides,1,West,-0.110635938,0.01836747,23
CAR_T4L2C20,1.3,1.3_2,C_pseudocladosporioides,cladosporioides,1,West,-0.110635938,0.01836747,48
CAR_T4L2C20,1.3,1.3_3,C_pseudocladosporioides,cladosporioides,1,West,-0.110635938,0.01836747,43
CAR_T4L2C20,1.1,1.1_1,C_pseudocladosporioides,cladosporioides,1,West,-0.110635938,0.01836747,2
CAR_T4L2C20,1.1,1.1_2,C_pseudocladosporioides,cladosporioides,1,West,-0.110635938,0.01836747,76
CAR_T4L2C20,1.1,1.1_3,C_pseudocladosporioides,cladosporioides,1,West,-0.110635938,0.01836747,17
CAR_T4L2C20,1.2,1.2_1,C_pseudocladosporioides,cladosporioides,1,West,-0.110635938,0.01836747,31
CAR_T4L2C20,1.2,1.2_2,C_pseudocladosporioides,cladosporioides,1,West,-0.110635938,0.01836747,40
CAR_T4L2C20,1.2,1.2_3,C_pseudocladosporioides,cladosporioides,1,West,-0.110635938,0.01836747,34
CAR_T3L3C16,29.2,29.2_1,C_pseudocladosporioides,cladosporioides,1,West,-0.110637585,0.018368052,34
CAR_T3L3C16,29.2,29.2_2,C_pseudocladosporioides,cladosporioides,1,West,-0.110637585,0.018368052,33
CAR_T3L3C16,29.2,29.2_3,C_pseudocladosporioides,cladosporioides,1,West,-0.110637585,0.018368052,3
CAR_T3L3C16,29.3,29.3_1,C_pseudocladosporioides,cladosporioides,1,West,-0.110637585,0.018368052,28
CAR_T3L3C16,29.3,29.3_2,C_pseudocladosporioides,cladosporioides,1,West,-0.110637585,0.018368052,99
CAR_T3L3C16,29.3,29.3_3,C_pseudocladosporioides,cladosporioides,1,West,-0.110637585,0.018368052,21
CAR_T3L3C16,29.1,29.1_1,C_pseudocladosporioides,cladosporioides,1,West,-0.110637585,0.018368052,14
CAR_T3L3C16,29.1,29.1_2,C_pseudocladosporioides,cladosporioides,1,West,-0.110637585,0.018368052,45
CAR_T3L3C16,29.1,29.1_3,C_pseudocladosporioides,cladosporioides,1,West,-0.110637585,0.018368052,44
CAR_T3L3C16,29.4,29.4_1,C_pseudocladosporioides,cladosporioides,1,West,-0.110637585,0.018368052,30
CAR_T3L3C16,29.4,29.4_2,C_pseudocladosporioides,cladosporioides,1,West,-0.110637585,0.018368052,29
CAR_T3L3C16,29.4,29.4_3,C_pseudocladosporioides,cladosporioides,1,West,-0.110637585,0.018368052,32
SK_T5L3C14,3.2,3.2_1,C_pseudocladosporioides,cladosporioides,1,West,-0.111183716,0.018561125,37
SK_T5L3C14,3.2,3.2_2,C_pseudocladosporioides,cladosporioides,1,West,-0.111183716,0.018561125,59
SK_T5L3C14,3.2,3.2_3,C_pseudocladosporioides,cladosporioides,1,West,-0.111183716,0.018561125,2
SK_T5L3C14,3.1,3.1_1,C_pseudocladosporioides,cladosporioides,1,West,-0.111183716,0.018561125,10
SK_T5L3C14,3.1,3.1_2,C_pseudocladosporioides,cladosporioides,1,West,-0.111183716,0.018561125,10
SK_T5L3C14,3.1,3.1_3,C_pseudocladosporioides,cladosporioides,1,West,-0.111183716,0.018561125,31
SK_T5L3C14,3.3,3.3_1,C_pseudocladosporioides,cladosporioides,1,West,-0.111183716,0.018561125,29
SK_T5L3C14,3.3,3.3_2,C_pseudocladosporioides,cladosporioides,1,West,-0.111183716,0.018561125,60
SK_T5L3C14,3.4,3.4_1,C_pseudocladosporioides,cladosporioides,1,West,-0.111183716,0.018561125,49
SK_T5L3C14,3.4,3.4_2,C_pseudocladosporioides,cladosporioides,1,West,-0.111183716,0.018561125,67
SK_T5L3C14,3.4,3.4_3,C_pseudocladosporioides,cladosporioides,1,West,-0.111183716,0.018561125,89
SNO_T2L5C19,20.4,20.4_1,C_sp_10,cladosporioides,1,West,-0.034408726,-0.033153963,50
SNO_T2L5C19,20.4,20.4_2,C_sp_10,cladosporioides,1,West,-0.034408726,-0.033153963,41
SNO_T2L5C19,20.4,20.4_3,C_sp_10,cladosporioides,1,West,-0.034408726,-0.033153963,61
SNO_T2L5C19,20.3,20.3_1,C_sp_10,cladosporioides,1,West,-0.034408726,-0.033153963,46
SNO_T2L5C19,20.3,20.3_2,C_sp_10,cladosporioides,0,West,-0.034408726,-0.033153963,37
SNO_T2L5C19,20.3,20.3_3,C_sp_10,cladosporioides,1,West,-0.034408726,-0.033153963,17
SNO_T2L5C19,20.2,20.2_1,C_sp_10,cladosporioides,1,West,-0.034408726,-0.033153963,21
SNO_T2L5C19,20.2,20.2_2,C_sp_10,cladosporioides,1,West,-0.034408726,-0.033153963,38
SNO_T2L5C19,20.2,20.2_3,C_sp_10,cladosporioides,1,West,-0.034408726,-0.033153963,35
SNO_T2L5C19,20.1,20.1_1,C_sp_10,cladosporioides,1,West,-0.034408726,-0.033153963,18
SNO_T2L5C19,20.1,20.1_2,C_sp_10,cladosporioides,1,West,-0.034408726,-0.033153963,32
SNO_T2L5C19,20.1,20.1_3,C_sp_10,cladosporioides,1,West,-0.034408726,-0.033153963,74
CW_T5L2C19.1,6.3,6.3_1,C_sp_5,cladosporioides,0,East,-0.100979792,0.01658054,6
CW_T5L2C19.1,6.3,6.3_2,C_sp_5,cladosporioides,1,East,-0.100979792,0.01658054,22
CW_T5L2C19.1,6.3,6.3_3,C_sp_5,cladosporioides,1,East,-0.100979792,0.01658054,15
CW_T5L2C19.1,6.2,6.2_1,C_sp_5,cladosporioides,1,East,-0.100979792,0.01658054,15
CW_T5L2C19.1,6.2,6.2_2,C_sp_5,cladosporioides,1,East,-0.100979792,0.01658054,23
CW_T5L2C19.1,6.2,6.2_3,C_sp_5,cladosporioides,1,East,-0.100979792,0.01658054,42
CW_T5L2C19.1,6.1,6.1_1,C_sp_5,cladosporioides,1,East,-0.100979792,0.01658054,15
CW_T5L2C19.1,6.1,6.1_2,C_sp_5,cladosporioides,1,East,-0.100979792,0.01658054,61
CW_T5L2C19.1,6.1,6.1_3,C_sp_5,cladosporioides,1,East,-0.100979792,0.01658054,5
CW_T5L2C19.1,6.4,6.4_1,C_sp_5,cladosporioides,1,East,-0.100979792,0.01658054,64
CW_T5L2C19.1,6.4,6.4_2,C_sp_5,cladosporioides,1,East,-0.100979792,0.01658054,63
CW_T5L2C19.1,6.4,6.4_3,C_sp_5,cladosporioides,1,East,-0.100979792,0.01658054,37
CAR_T2L3C7,13.4,13.4_1,C_uwebraunianum,cladosporioides,1,West,-0.120724752,0.022267416,38
CAR_T2L3C7,13.4,13.4_2,C_uwebraunianum,cladosporioides,1,West,-0.120724752,0.022267416,42
CAR_T2L3C7,13.4,13.4_3,C_uwebraunianum,cladosporioides,1,West,-0.120724752,0.022267416,66
CAR_T2L3C7,13.3,13.3_1,C_uwebraunianum,cladosporioides,1,West,-0.120724752,0.022267416,24
CAR_T2L3C7,13.3,13.3_2,C_uwebraunianum,cladosporioides,1,West,-0.120724752,0.022267416,13
CAR_T2L3C7,13.3,13.3_3,C_uwebraunianum,cladosporioides,1,West,-0.120724752,0.022267416,10
CAR_T2L3C7,13.2,13.2_1,C_uwebraunianum,cladosporioides,1,West,-0.120724752,0.022267416,23
CAR_T2L3C7,13.2,13.2_2,C_uwebraunianum,cladosporioides,1,West,-0.120724752,0.022267416,62
CAR_T2L3C7,13.2,13.2_3,C_uwebraunianum,cladosporioides,1,West,-0.120724752,0.022267416,5
CAR_T2L3C7,13.1,13.1_1,C_uwebraunianum,cladosporioides,1,West,-0.120724752,0.022267416,59
CAR_T2L3C7,13.1,13.1_2,C_uwebraunianum,cladosporioides,1,West,-0.120724752,0.022267416,7
CAR_T2L3C7,13.1,13.1_3,C_uwebraunianum,cladosporioides,1,West,-0.120724752,0.022267416,22
CAR_T3L1C13,26.1,26.1_1,C_uwebraunianum,cladosporioides,1,West,-0.120179462,0.022070594,49
CAR_T3L1C13,26.1,26.1_2,C_uwebraunianum,cladosporioides,1,West,-0.120179462,0.022070594,17
CAR_T3L1C13,26.1,26.1_3,C_uwebraunianum,cladosporioides,1,West,-0.120179462,0.022070594,18
CAR_T3L1C13,26.4,26.4_1,C_uwebraunianum,cladosporioides,1,West,-0.120179462,0.022070594,41
CAR_T3L1C13,26.4,26.4_2,C_uwebraunianum,cladosporioides,1,West,-0.120179462,0.022070594,34
CAR_T3L1C13,26.4,26.4_3,C_uwebraunianum,cladosporioides,1,West,-0.120179462,0.022070594,75
CAR_T3L1C13,26.2,26.2_1,C_uwebraunianum,cladosporioides,1,West,-0.120179462,0.022070594,7
CAR_T3L1C13,26.2,26.2_2,C_uwebraunianum,cladosporioides,1,West,-0.120179462,0.022070594,22
CAR_T3L1C13,26.2,26.2_3,C_uwebraunianum,cladosporioides,1,West,-0.120179462,0.022070594,5
CAR_T3L1C13,26.3,26.3_1,C_uwebraunianum,cladosporioides,1,West,-0.120179462,0.022070594,28
CAR_T3L1C13,26.3,26.3_2,C_uwebraunianum,cladosporioides,1,West,-0.120179462,0.022070594,46
CAR_T3L1C13,26.3,26.3_3,C_uwebraunianum,cladosporioides,1,West,-0.120179462,0.022070594,34
SK_T2L3C3,44.2,44.2_1,C_uwebraunianum,cladosporioides,1,West,-0.12072642,0.022268018,2
SK_T2L3C3,44.2,44.2_2,C_uwebraunianum,cladosporioides,1,West,-0.12072642,0.022268018,26
SK_T2L3C3,44.2,44.2_3,C_uwebraunianum,cladosporioides,1,West,-0.12072642,0.022268018,3
SK_T2L3C3,44.3,44.3_1,C_uwebraunianum,cladosporioides,1,West,-0.12072642,0.022268018,9
SK_T2L3C3,44.3,44.3_2,C_uwebraunianum,cladosporioides,1,West,-0.12072642,0.022268018,31
SK_T2L3C3,44.3,44.3_3,C_uwebraunianum,cladosporioides,0,West,-0.12072642,0.022268018,5
SK_T2L3C3,44.1,44.1_1,C_uwebraunianum,cladosporioides,1,West,-0.12072642,0.022268018,49
SK_T2L3C3,44.1,44.1_2,C_uwebraunianum,cladosporioides,1,West,-0.12072642,0.022268018,84
SK_T2L3C3,44.1,44.1_3,C_uwebraunianum,cladosporioides,1,West,-0.12072642,0.022268018,4
SK_T2L3C3,44.4,44.4_1,C_uwebraunianum,cladosporioides,1,West,-0.12072642,0.022268018,25
SK_T2L3C3,44.4,44.4_2,C_uwebraunianum,cladosporioides,1,West,-0.12072642,0.022268018,57
SK_T2L3C3,44.4,44.4_3,C_uwebraunianum,cladosporioides,1,West,-0.12072642,0.022268018,39
TIE_T5L3C38,2.1,2.1_1,C_uwebraunianum,cladosporioides,1,East,-0.120180296,0.022070895,7
TIE_T5L3C38,2.1,2.1_2,C_uwebraunianum,cladosporioides,1,East,-0.120180296,0.022070895,39
TIE_T5L3C38,2.1,2.1_3,C_uwebraunianum,cladosporioides,1,East,-0.120180296,0.022070895,2
TIE_T5L3C38,2.2,2.2_1,C_uwebraunianum,cladosporioides,1,East,-0.120180296,0.022070895,35
TIE_T5L3C38,2.2,2.2_2,C_uwebraunianum,cladosporioides,1,East,-0.120180296,0.022070895,19
TIE_T5L3C38,2.2,2.2_3,C_uwebraunianum,cladosporioides,1,East,-0.120180296,0.022070895,12
TIE_T5L3C38,2.4,2.4_1,C_uwebraunianum,cladosporioides,1,East,-0.120180296,0.022070895,15
TIE_T5L3C38,2.4,2.4_2,C_uwebraunianum,cladosporioides,1,East,-0.120180296,0.022070895,46
TIE_T5L3C38,2.4,2.4_3,C_uwebraunianum,cladosporioides,1,East,-0.120180296,0.022070895,63
TIE_T5L3C38,2.3,2.3_1,C_uwebraunianum,cladosporioides,1,East,-0.120180296,0.022070895,8
TIE_T5L3C38,2.3,2.3_2,C_uwebraunianum,cladosporioides,1,East,-0.120180296,0.022070895,24
TIE_T5L3C38,2.3,2.3_3,C_uwebraunianum,cladosporioides,1,East,-0.120180296,0.022070895,17
LS_T4L1C34,21.4,21.4_1,C_xylophilum,cladosporioides,1,East,-0.084452227,0.002789066,6
LS_T4L1C34,21.4,21.4_2,C_xylophilum,cladosporioides,1,East,-0.084452227,0.002789066,29
LS_T4L1C34,21.4,21.4_3,C_xylophilum,cladosporioides,1,East,-0.084452227,0.002789066,44
LS_T4L1C34,21.2,21.2_1,C_xylophilum,cladosporioides,0,East,-0.084452227,0.002789066,26
LS_T4L1C34,21.2,21.2_2,C_xylophilum,cladosporioides,1,East,-0.084452227,0.002789066,37
LS_T4L1C34,21.2,21.2_3,C_xylophilum,cladosporioides,0,East,-0.084452227,0.002789066,0
LS_T4L1C34,21.3,21.3_1,C_xylophilum,cladosporioides,0,East,-0.084452227,0.002789066,19
LS_T4L1C34,21.3,21.3_2,C_xylophilum,cladosporioides,1,East,-0.084452227,0.002789066,24
LS_T4L1C34,21.3,21.3_3,C_xylophilum,cladosporioides,1,East,-0.084452227,0.002789066,4
LS_T4L1C34,21.1,21.1_1,C_xylophilum,cladosporioides,1,East,-0.084452227,0.002789066,4
LS_T4L1C34,21.1,21.1_2,C_xylophilum,cladosporioides,1,East,-0.084452227,0.002789066,19
LS_T4L1C34,21.1,21.1_3,C_xylophilum,cladosporioides,1,East,-0.084452227,0.002789066,16
